列車番号,両数(最大),両数(その他)
6320M,2,
6322M,3,
6324M,2,
6326M,4,
5324M,2,
6328M,3,
5326M,4,
5328M,3,
4320M,2,
6332M,3,
5330M,3,
5332M,2,
5334M,2,
5336M,3,
5338M,2,
5340M,3,
6334M,3,
5342M,2,
5344M,2,
5346M,3,
5348M,2,
5350M,3,
6336M,2,
6338M,2,
5352M,2,
5354M,3,
5356M,2,
5358M,2,
6340M,2,
6342M,3,
5360M,2,
6344M,3,
6346M,4,
6348M,2,
6350M,3,
5362M,3,
6352M,3,
6354M,4,
6356M,3,
5364M,2,
5366M,2,
6358M,4,
5368M,2,
6321M,3,
521D,2,
6323M,4,
6325M,3,
6327M,2,
523D,2,
5321M,4,2
6329M,3,
5323M,3,
525D,2,
5325M,2,
5327M,2,
527D,2,
5329M,3,
5331M,2,
529D,2,
5333M,3,
5335M,3,
6331M,2,
531D,2,
5337M,2,
6333M,3,
5339M,2,
533D,2,
5341M,3,
5343M,2,
535D,2,
5345M,3,
5347M,2,
5349M,2,
537D,2,
5351M,2,
6335M,2,
539D,2,
5353M,2,
5355M,3,
541D,2,
5357M,2,
5359M,3,
6337M,4,
6339M,2,
5361M,3,
543D,2,
6341M,3,
6343M,3,
6345M,4,
545D,2,
6347M,2,
6349M,3,
5363M,2,
547D,2,
6351M,4,
6353M,4,
549D,2,
5365M,2,
5367M,3,
551D,2,
5369M,2,
6355M,2,
320M,4,
324M,3,
5320M,2,
326M,2,
5322M,2,
328M,3,
332M,3,
334M,2,
342M,2,
8222,7,
356M,4,
358M,3,
366M,2,
370M,2,
372M,2,
378M,2,
380M,2,
323M,2,
4321M,2,
337M,2,
353M,3,
361M,2,
365M,2,
369M,2,
373M,2,
377M,2,
381M,2,
383M,2,
385M,2,
389M,2,
2326M,9,
1220M,6,
4120M,7,
4222M,8,4
2338M,4,
2342M,9,3
4128M,8,4
338M,2,
340M,3,
344M,2,
346M,2,
348M,2,
350M,3,
352M,2,
354M,2,
4230M,8,
376M,2,
2321M,4,
325M,4,
1321M,4,
1829D,2,
2323M,4,
2325M,7,4
81D,4,
4221M,9,
331M,3,
2327M,9,
333M,4,
131M,9,6
8001D,5,
335M,2,
1323M,2,
8003D,4,
2329M,9,6
4123M,8,
339M,3,
2331M,9,
4125M,6,
341M,2,
343M,2,
345M,2,
1325M,6,
83D,4,
2333M,6,
347M,3,
4131M,6,
349M,2,
2335M,9,
351M,2,
4135M,9,
355M,2,
2337M,6,
8005D,5,
4139M,8,
357M,2,
2339M,6,
359M,2,
1327M,9,
2341M,8,
363M,2,
4143M,6,
4145M,8,
367M,2,
4225M,9,
371M,2,
2343M,8,
2345M,8,
4147M,8,
4227M,9,
85D,4,
375M,2,
4149M,9,
379M,2,
4151M,8,
2347M,9,
4229M,8,
4153M,7,
4155M,7,
2349M,6,
4231M,9,
4157M,8,
4233M,6,
387M,2,
2351M,8,
2353M,8,
4159M,6,
2355M,6,
2357M,6,
2320M,6,
2322M,4,
2324M,6,
2328M,9,
2330M,6,
1072M,6,
130M,8,
1820M,8,
2332M,8,
2334M,8,
2824M,8,
1002M,8,
4220M,9,
4002H,8,
2826M,8,
1004M,8,
2830M,6,
2004H,8,
2336M,4,
4006M,6,
4122M,6,
2008H,8,
4224M,9,
4124M,9,
2138M,8,
4010M,6,
2340M,6,
2012H,8,
4126M,6,
1006M,8,
2140M,6,
2014H,8,
4016M,6,
2144M,8,
2018H,8,
82D,4,
2344M,6,
4092M,8,
4020M,8,
1222M,4,
2022H,8,
4130M,8,
4024M,8,4
2346M,9,
4132M,6,
2026H,8,
4134M,6,
4028M,8,4
2348M,6,
4136M,8,
2030H,8,
8002D,5,
4138M,6,
4032M,8,4
2350M,9,
4140M,8,
2034H,8,
4142M,6,
4036M,6,
2352M,6,
1008M,6,
4144M,7,
2038H,8,
4146M,9,
84D,4,
4040M,8,4
2354M,9,6
4226M,6,
4148M,8,
2042H,8,
4150M,6,
2356M,9,
4228M,8,
4044M,8,4
2172M,9,
8004D,4,
4152M,9,
2046H,8,
2176M,9,
4094M,6,
4048H,8,
2358M,8,
2866M,8,4
4154M,9,
2050H,8,
8006D,5,
2360M,8,
1010M,6,
4232M,8,
2178M,8,
4052H,8,
138M,9,
2054H,8,
4156M,6,
2362M,9,
4234M,9,
2364M,8,
4056H,6,
2366M,7,
2058H,6,
140M,6,
86D,4,
4236M,9,6
4060H,8,
142M,9,
4062M,8,
2368M,8,
2064H,8,
2184M,8,
2066H,8,
2186M,4,
2001H,8,
2121M,8,
2003H,8,
2829M,4,
2005H,8,
4007M,8,
2127M,6,
1001M,8,
4011M,8,4
4223M,8,
135M,6,
4091M,8,
4121M,6,
4015M,8,4
139M,8,
4019M,8,4
4127M,6,
4023M,6,
4129M,8,
4027M,8,4
1003M,6,
4133M,8,
4031M,8,4
4137M,7,
4035M,8,
4141M,8,
4039M,8,
2157M,6,
2159M,6,
2043H,6,
4045M,6,
1329M,9,
2165M,9,
1005M,6,
4049H,8,
2167M,6,
4053H,8,
2925M,8,4
2171M,8,
1007M,8,
2173M,9,
4057H,8,
2175M,9,
1009M,6,
2177M,6,
2179M,8,
4061M,6,
2183M,9,
2931M,8,4
4065M,6,
1331M,9,
2879M,8,
1071M,6,
2126M,9,
2130M,9,
2132M,9,
2136M,6,
3124M,6,
2146M,9,
2148M,6,
2150M,4,
2152M,6,
2154M,8,
2156M,6,
2158M,8,
2160M,9,
2162M,9,
2164M,8,
2166M,6,
2168M,9,
2174M,8,
144M,8,
2123M,9,
2125M,8,
127M,9,
3223M,6,
129M,9,
2129M,9,
2009H,8,
3225M,9,
2131M,6,
133M,9,
2133M,9,
2013H,8,
3227M,8,
2135M,8,
137M,6,
2017H,8,
3121M,6,
2137M,6,
2021H,8,
2139M,9,
2141M,6,
2025H,8,
2143M,4,
8041D,3,
2145M,6,
2029H,8,
2147M,8,
2149M,6,
2033H,8,
2151M,8,
2153M,9,
2037H,8,
2155M,9,
2041H,8,
3125M,8,
2163M,9,
2047H,8,
141M,6,
2169M,8,
2051H,8,
2055H,6,
2059H,8,
2181M,9,
2063H,8,
2185M,8,
2067H,8,
4069M,6,
145M,9,
147M,9,
120M,8,
122M,6,
124M,6,
126M,8,
3001M,7,
2120M,6,
3120M,8,
2122M,9,
2124M,9,
3122M,6,
3003M,7,
52M,6,
128M,8,
5005M,6,
3220M,8,
132M,8,
3005M,7,
2128M,6,
3007M,7,
3009M,7,
134M,8,
3011M,6,
2134M,4,
3013M,7,
3015M,6,
3017M,6,
2142M,6,
3019M,6,
3021M,6,
3126M,8,
3023M,7,
3025M,7,
3027M,7,
3029M,7,
3031M,7,
3033M,6,
3035M,7,
3037M,6,
3039M,6,
3041M,6,
3043M,6,
8224,7,
54M,6,
3045M,7,
2170M,6,
3047M,7,
56M,8,
3049M,7,
136M,9,
3051M,7,
3053M,7,
3055M,6,
58M,4,
3057M,7,
60M,4,
3222M,6,
3059M,6,
3081M,6,
2180M,9,
62M,6,
2182M,9,
121M,4,
3221M,8,
123M,9,
51M,8,
125M,8,
3082M,7,
3002M,7,
3161M,8,
3004M,7,
53M,6,
3006M,6,
91M,6,
3123M,9,
2161M,4,
3044M,7,
3046M,7,
3048M,7,
55M,6,
143M,6,
3056M,6,
3229M,6,
3058M,7,
3060M,7,
2221M,6,
2223M,6,
3008M,7,
3010M,6,
3012M,6,
3014M,6,
3016M,6,
3018M,7,
3020M,7,
3022M,7,
3024M,7,
3026M,7,
3028M,6,
3030M,7,
3032M,6,
3034M,6,
3036M,6,
2225M,8,
3038M,6,
3040M,7,
2227M,6,
3042M,7,
2229M,6,
2231M,8,
3050M,6,
3052M,7,
3054M,6,
2233M,6,
5014M,6,
2237M,8,
2239M,8,
2241M,7,
2243M,9,
2220M,9,
2222M,9,
620H,3,
622H,3,
2224M,6,
2226M,6,
1620H,3,
624H,2,
626H,3,
628H,3,
630H,3,
632H,3,
634H,3,
636H,3,
638H,3,
2228M,8,
2230M,6,
2232M,6,
2234M,8,
2236M,6,
621H,3,
623H,3,
625H,3,
627H,3,
629H,2,
631H,3,
633H,3,
635H,3,
637H,3,
639H,3,
641H,3,
5120M,4,
520M,3,
5122M,4,
5520M,4,
5522M,4,
2520M,3,
5124M,4,
2522M,6,
5126M,4,
2524M,6,3
5128M,4,
5130M,4,
5132M,4,
2528M,6,
5134M,4,
5136M,4,
2532M,3,
5138M,4,
526M,3,
2534M,3,
5142M,4,
5144M,4,
2536M,4,
5146M,4,
5148M,4,
5150M,4,
5152M,4,
5154M,4,
5156M,4,
5158M,4,
5160M,4,
5162M,4,
5164M,4,
5166M,4,
5168M,4,
5170M,4,
5172M,4,
5174M,4,
5176M,4,
5178M,4,
5180M,4,
5182M,4,
5184M,4,
560M,3,
5186M,4,
5188M,4,
2558M,3,
5190M,4,
5194M,4,
5196M,4,
5198M,4,
5220M,4,
5222M,4,
566M,6,
5226M,4,
5228M,4,
5232M,4,
570M,3,
5234M,4,
5236M,4,
5238M,4,
5240M,4,
5242M,4,
523M,3,
2235M,6,
8225,7,
575M,4,
2521M,3,
521M,4,
2523M,3,
5003M,4,
5521M,4,
929D,2,
2525M,4,
931D,2,
525M,3,
2527M,3,
527M,6,
529M,3,
933D,3,
2529M,3,
531M,3,
2531M,3,
533M,3,
937D,2,
535M,3,
2533M,3,
939D,2,
537M,3,
539M,3,
943D,2,
2535M,3,
541M,3,
543M,3,
2537M,3,
947D,2,
545M,3,
547M,3,
949D,2,
2539M,3,
549M,3,
551M,3,
2541M,3,
553M,3,
953D,2,
555M,3,
2543M,3,
557M,3,
955D,2,
559M,3,
2545M,3,
2547M,3,
957D,2,
561M,3,
2549M,3,
563M,3,
959D,2,
2551M,3,
565M,6,
961D,2,
2553M,3,
2555M,6,
963D,2,
2557M,6,
2559M,6,
965D,2,
2561M,3,
567M,6,
967D,2,
2563M,6,
569M,3,
969D,2,
2565M,3,
2567M,6,
971D,2,
571M,3,
973D,2,
2569M,6,
573M,3,
975D,2,
2571M,3,
977D,2,
2573M,6,
979D,2,
2575M,6,
2577M,3,
981D,2,
2579M,3,
577M,4,
522M,4,
2526M,6,
2530M,6,
3534M,6,
528M,3,
530M,3,
2538M,3,
532M,3,
2540M,3,
534M,3,
2542M,3,
536M,3,
538M,3,
2544M,3,
540M,3,
542M,3,
2546M,3,
544M,3,
546M,3,
2548M,3,
548M,3,
550M,3,
2550M,3,
552M,3,
554M,3,
2552M,3,
556M,3,
558M,3,
2554M,3,
2556M,3,
562M,3,
564M,6,
2560M,3,
2562M,3,
2564M,3,
2566M,6,
568M,3,
2568M,3,
2570M,6,
2572M,3,
5016M,4,
2574M,3,
2576M,3,
4623M,2,
621M,3,
3091M,6,
631M,2,
4635M,3,
4639M,2,
4647M,3,
635M,2,
641M,2,
643M,2,
4665M,2,
4667M,2,
4673M,3,
4621M,4,
1621M,3,
5001M,4,
4625M,4,
4627M,2,
1625M,3,
1627M,3,
4629M,2,
4631M,2,
4633M,3,
1629M,2,
5007M,4,
4637M,2,
4641M,2,
4643M,3,
5009M,4,
4645M,3,
4649M,3,
1631M,2,
1633M,4,
5011M,6,
1637M,2,
4651M,2,
1639M,3,
5013M,4,
4653M,3,
4655M,3,
5015M,6,
4657M,2,
1643M,2,
4659M,3,
4661M,2,
4663M,4,
5017M,4,
1645M,3,
4669M,2,
4671M,2,
4675M,2,
1647M,2,
620M,3,
622M,4,
4620M,2,
4622M,2,
4624M,3,
4626M,3,
4628M,3,
4630M,4,
4632M,3,
624M,2,
4634M,2,
4636M,3,
4638M,3,
4640M,2,
626M,3,
4642M,2,
628M,2,
4644M,3,
4646M,2,
630M,3,
4648M,2,
4650M,2,
4652M,3,
636M,2,
4654M,3,
638M,3,
4656M,2,
4658M,4,
4660M,3,
4662M,3,
4664M,2,
4666M,3,
1075D,2,
642M,4,
4668M,2,
4670M,2,
4672M,2,
644M,2,
646M,3,
648M,2,
650M,2,
4674M,2,
3092M,7,
4676M,2,
2761M,4,
1635M,2,
1641M,2,
2720M,2,
5092M,4,
5002M,4,
5004M,6,
5006M,4,
1626M,2,
5008M,4,
5010M,4,
5012M,6,
1630M,3,
1634M,3,
1638M,2,
723M,2,
5071M,4,
5073M,4,
725M,2,
729M,4,2
5075M,6,
735M,2,
5077M,4,
739M,2,
741M,2,
743M,2,
745M,2,
747M,2,
5079M,4,
749M,2,
751M,2,
5081M,4,
753M,2,
757M,2,
761M,2,
5083M,4,
765M,2,
767M,2,
769M,2,
771M,2,
2760M,4,
6863M,2,
6001M,4,
721M,2,
6865M,2,
6003M,4,
6867M,2,
6869M,2,
6871M,2,
6005M,4,
6873M,2,
6007M,4,
6771D,2,
6875M,2,
6009M,4,
6877M,2,
6879M,2,
6011M,4,
6881M,2,
6883M,2,
6013M,4,
6885M,2,
6015M,4,
6773D,2,
755M,4,
6887M,2,
6017M,4,
759M,2,
6889M,2,
763M,2,
6891M,2,
6893M,2,
6775D,1,
720M,2,
722M,2,
724M,2,
726M,2,
728M,2,
730M,2,
732M,2,
734M,2,
736M,2,
738M,2,
740M,2,
5072M,4,
742M,2,
744M,2,
5074M,4,
746M,2,
748M,2,
5076M,4,
750M,2,
752M,4,
754M,2,
756M,2,
758M,2,
5078M,4,
760M,2,
762M,2,
5080M,4,
764M,2,
5082M,6,
766M,4,2
5084M,4,
768M,2,
5086M,4,
770M,2,
6862M,2,
1920D,2,
6864M,2,
6866M,2,
6002M,4,
1924D,1,
6868M,2,
6004M,4,
6870M,2,
6006M,4,
6930M,2,
6008M,4,
6872M,2,
6010M,4,
6874M,2,
6876M,2,
6012M,4,
6878M,2,
6880M,2,
1936D,1,
6882M,2,
6014M,4,
1938D,2,
6884M,2,
6954M,2,
6016M,4,
1946D,2,
6018M,4,
6888M,2,
6927M,4,
6933M,2,
6937M,2,
6943M,2,
6955M,2,
6959M,2,
6963M,4,
6971M,4,
6973M,2,
6770D,2,
6772D,2,
6774D,1,
6886M,2,
6921M,2,
6923M,2,
6925M,4,
6081M,4,
6751D,2,
6929M,4,
6935M,4,
6755D,2,
6939M,4,
6941M,2,
6945M,2,
6947M,2,
6949M,2,
6951M,2,
6757D,2,
6953M,2,
6759D,2,
6957M,4,
6961M,4,
6965M,2,
6967M,4,
6969M,2,
6920M,2,
6942M,2,
6946M,2,
6950M,4,
6958M,4,
6962M,2,
6966M,4,
6753D,4,
6931M,2,
6750D,2,
6922M,4,
6752D,2,
6926M,4,
6928M,4,
6932M,2,
6934M,2,
6936M,2,
6938M,2,
6940M,2,
6754D,1,
6944M,2,
6756D,2,
6948M,4,
6952M,4,
6956M,4,
6960M,2,
6760D,4,
6964M,2,
6968M,2,
6082M,4,
6970M,4,
6972M,2,
6924M,2,
6758D,2,
2821M,4,
5821D,2,
5823D,2,
2921M,2,
5825D,3,
2831M,4,
5827D,4,
2835M,4,
5829D,2,
2837M,2,
2839M,2,
5831D,2,
2841M,2,
2843M,2,
5833D,2,
2845M,2,
2847M,2,
5835D,2,
2849M,2,
2851M,4,
5837D,2,
2853M,2,
2855M,2,
5839D,2,
2857M,2,
2859M,2,
5841D,2,
2861M,2,
2863M,4,
5843D,2,
2923M,4,
5845D,2,
2865M,2,
5847D,2,
2867M,2,
5849D,2,
2869M,2,
5851D,2,
5853D,2,
2871M,2,
2927M,8,4
5855D,2,
2873M,2,
2929M,2,
5857D,2,
2877M,4,
5859D,2,
2881M,6,
2820M,2,
2822M,4,
2828M,4,
4820M,4,
2920M,4,
2832M,4,
2834M,2,
2922M,2,
2836M,4,
2924M,2,
2838M,4,
2840M,2,
2842M,2,
2844M,2,
2846M,2,
2848M,2,
2850M,2,
2852M,2,
2854M,2,
2856M,4,
2858M,2,
2860M,2,
2862M,2,
2868M,2,
2870M,2,
2872M,2,
2874M,2,
2926M,2,
2876M,2,
2928M,4,
4822M,2,
4121D,2,
4125D,2,
2121D,2,
4129D,2,
4133D,2,
2125D,2,
2875M,2,
2133D,2,
5121D,2,
221D,2,
123D,4,
5123D,3,
125D,4,
223D,3,
2221D,4,
5125D,4,
127D,4,
2223D,3,
3221D,4,
129D,4,
225D,3,
5129D,2,
3223D,2,
227D,2,
131D,2,
4221D,2,
133D,2,
4223D,3,
231D,2,
4225D,2,
135D,3,
5133D,2,
4227D,3,
235D,2,
4229D,2,
4127D,2,
4231D,2,
137D,2,
239D,2,
4233D,2,
2225D,2,
241D,3,
3225D,2,
243D,3,
139D,4,
3227D,2,
141D,4,
143D,4,
245D,3,
3229D,2,
147D,4,
247D,4,
3231D,3,
149D,2,
249D,2,
3233D,3,
2227D,3,
4120D,2,
4122D,2,
4124D,2,
128D,2,
4126D,2,
4128D,2,
4130D,2,
136D,2,
4132D,2,
142D,2,
4134D,2,
222D,2,
120D,3,
122D,4,
3220D,4,
124D,4,
224D,2,
3222D,2,
126D,4,
5120D,2,
3224D,3,
226D,4,
3226D,3,
228D,3,
130D,2,
4220D,3,
2220D,2,
5122D,2,
4222D,2,
230D,2,
4224D,2,
5124D,2,
4226D,2,
234D,2,
4228D,3,
5126D,2,
2222D,2,
4230D,2,
236D,2,
3228D,3,
238D,2,
132D,4,
5128D,2,
3230D,4,
240D,3,
5130D,2,
134D,4,
242D,4,
3232D,4,
5132D,2,
138D,4,
244D,3,
3234D,3,
5134D,2,
140D,4,
246D,2,
144D,2,
5136D,2,
3236D,3,
5138D,2,
2224D,3,
5140D,2,
146D,3,
5142D,2,
2823M,8,
2825M,4,
2827M,2,
2833M,2,
923M,2,
925M,2,
6925D,2,
6929D,2,
6931D,2,
6933D,2,
6935D,2,
6939D,2,
6941D,2,
4920M,4,
920M,2,
6922D,2,
6924D,2,
6926D,2,
6928D,2,
6930D,2,
6932D,2,
6934D,2,
922M,4,
921M,4,
6921D,3,
220D,2,
6923D,2,
6927D,2,
6937D,2,
6920D,2,
6936D,4,
6938D,4,
6940D,2,
6942D,3,
2721C,2,
2723C,2,
721C,4,
2725C,2,
723C,4,
2727C,4,
725C,2,
2729C,4,
2731C,2,
2733C,2,
2735C,2,
2737C,2,
2739C,2,
2741C,2,
2743C,2,
2745C,2,
2747C,2,
2749C,2,
2751C,2,
2753C,2,
2755C,2,
2757C,2,
2759C,2,
2761C,2,
2763C,2,
2765C,2,
2767C,2,
2769C,2,
2771C,2,
2773C,2,
2775C,2,
2777C,2,
2779C,2,
2781C,2,
2783C,2,
2785C,2,
2787C,2,
2789C,2,
2791C,2,
2793C,2,
2795C,2,
2797C,2,
5721C,4,
5723C,4,
5725C,4,
5727C,4,
5729C,4,
5731C,4,
5733C,2,
5735C,2,
5737C,2,
5739C,2,
5741C,2,
5743C,2,
5745C,2,
5747C,2,
5749C,2,
5751C,2,
5753C,2,
5755C,2,
5757C,2,
5759C,2,
5761C,2,
5763C,2,
5765C,2,
5767C,2,
5769C,2,
5771C,2,
5773C,2,
5775C,2,
5777C,2,
5779C,2,
5781C,2,
5783C,2,
5785C,2,
5787C,2,
5789C,2,
5791C,2,
5793C,2,
5795C,2,
5797C,2,
5799C,2,
5821C,2,
5823C,2,
2720C,4,
2722C,2,
720C,4,
722C,4,
2724C,2,
724C,4,
726C,4,2
728C,4,2
2726C,2,
2728C,2,
2730C,2,
2732C,2,
2734C,2,
2736C,2,
2738C,2,
2740C,2,
2742C,2,
2744C,2,
2746C,2,
2748C,2,
2750C,2,
2752C,2,
2754C,2,
2756C,2,
2758C,2,
2760C,2,
2762C,2,
2764C,2,
2766C,2,
2768C,2,
2770C,2,
2772C,2,
2774C,2,
2776C,2,
2778C,2,
2780C,2,
2782C,2,
2784C,2,
2786C,2,
2788C,2,
2790C,2,
6720C,2,
5720C,2,
5722C,4,
5724C,4,
5726C,4,
5728C,2,
5730C,2,
5732C,2,
5734C,2,
5736C,2,
5738C,2,
5740C,2,
5742C,2,
5744C,2,
5746C,2,
5748C,2,
5750C,2,
5752C,2,
5754C,2,
5756C,2,
5758C,2,
5760C,2,
5762C,2,
5764C,2,
5766C,2,
5768C,2,
5770C,2,
5772C,2,
5774C,2,
5776C,2,
5778C,2,
5780C,2,
5782C,2,
5784C,2,
5786C,2,
5788C,2,
5790C,2,
5792C,2,
5794C,2,
5796C,2,
6621D,1,
6623D,1,
6625D,1,
6627D,1,
6629D,1,
6631D,1,
6633D,1,
6635D,1,
6620D,1,
6622D,1,
6624D,1,
6626D,1,
6628D,1,
6630D,1,
6632D,1,
6634D,1,
6621M,2,
6623M,2,
6625M,2,
6627M,2,
6629M,2,
6631M,2,
6633M,2,
6635M,2,
6637M,2,
6639M,2,
6641M,2,
6643M,2,
6645M,2,
6647M,2,
6649M,2,
6651M,2,
6653M,2,
6655M,2,
6657M,2,
6659M,2,
6661M,2,
6663M,2,
6665M,2,
6667M,2,
6669M,2,
6671M,2,
6673M,2,
6675M,2,
6677M,2,
6679M,2,
6681M,2,
6683M,2,
6685M,2,
6687M,2,
6689M,2,
6691M,2,
6693M,2,
6695M,2,
6697M,2,
6620M,2,
6622M,2,
6624M,2,
6626M,2,
6628M,2,
6630M,2,
6632M,2,
6634M,2,
6636M,2,
6638M,2,
6640M,2,
6642M,2,
6644M,2,
6646M,2,
6648M,2,
6650M,2,
6652M,2,
6654M,2,
6656M,2,
6658M,2,
6660M,2,
6662M,2,
6664M,2,
6666M,2,
6668M,2,
6670M,2,
6672M,2,
6674M,2,
6676M,2,
6678M,2,
6680M,2,
6682M,2,
6684M,2,
6686M,2,
6688M,2,
6690M,2,
6692M,2,
6694M,2,
2620H,4,
2622H,2,
2624H,3,
5620H,6,
2626H,2,
5622H,6,
5624H,4,
5626H,6,
2628H,6,
5628H,6,
2630H,6,
5630H,6,
2632H,6,
5632H,6,
4620H,6,
5634H,4,
4622H,6,
2634H,6,
4624H,3,
2636H,2,
2638H,4,
4626H,3,
2640H,4,
2642H,3,
4628H,3,
2644H,3,
2646H,3,
4630H,4,
2648H,3,
2650H,4,
4632H,3,
2652H,3,
2654H,4,
4634H,3,
2656H,3,
4636H,4,
2658H,4,
5636H,3,
4638H,4,
2660H,3,
5638H,4,
4640H,4,
2662H,3,
4642H,3,
2664H,4,
5640H,3,
4644H,4,
2666H,3,
4646H,6,
2668H,4,
5642H,3,
4648H,4,
2670H,3,
4650H,4,
2672H,3,
5644H,3,
4652H,3,
2674H,3,
5646H,3,
4654H,4,
2676H,2,
5648H,3,
4656H,3,
2678H,4,
5650H,3,
1092H,6,
2680H,4,
2682H,4,
2684H,3,
5652H,4,
2686H,3,
2688H,4,
2690H,3,
5621H,4,
2621H,3,
2623H,2,
2625H,3,
5623H,6,
2627H,6,
2629H,6,
4621H,6,
2631H,6,
5625H,6,
5627H,4,
2633H,6,
5629H,6,
4623H,6,
5631H,6,
5633H,6,
2635H,3,
2637H,2,
5635H,6,
5637H,6,
2639H,3,
4625H,2,
5639H,4,
4627H,4,
2641H,3,
4629H,3,
2643H,3,
2645H,3,
4631H,3,
2647H,4,
2649H,3,
4633H,4,
2651H,3,
2653H,3,
4635H,4,
2655H,3,
2657H,3,
4637H,4,
2659H,4,
2661H,3,
4639H,4,
2663H,4,
2665H,4,
5641H,3,
4641H,3,
5643H,4,
2667H,3,
2669H,4,
4643H,3,
2671H,6,
4645H,4,
5645H,3,
2673H,4,
4647H,3,
2675H,4,
4649H,3,
5647H,3,
2677H,3,
4651H,3,
2679H,3,
4653H,4,
5649H,3,
2681H,3,
2683H,4,
5651H,3,
2685H,4,
5653H,3,
2687H,4,
5655H,3,
2689H,4,
2691H,4,
2693H,6,
2695H,3,
1091H,6,
6520H,3,
6528H,2,
6565H,2,
6522H,2,
6524H,2,
6526H,2,
6530H,2,
6532H,2,
6534H,2,
6536H,2,
6538H,2,
6540H,2,
6542H,2,
6544H,2,
6546H,2,
6548H,2,
6550H,2,
6552H,2,
6554H,2,
6556H,2,
6558H,2,
6560H,3,
6562H,2,
6564H,2,
6521H,3,
6523H,2,
6525H,2,
6527H,2,
6529H,2,
6531H,2,
6533H,2,
6535H,2,
6537H,2,
6539H,2,
6541H,2,
6543H,2,
6545H,2,
6547H,2,
6549H,2,
6551H,2,
6553H,2,
6555H,2,
6557H,2,
6559H,2,
6561H,3,
6563H,2,
6567H,2,
727M,2,
731M,2,
733M,2,
737M,2,
6571M,4,
